{
  "epochs": 15,
  "batch_size": 16,
  "learning_rate": 0.001,
  "val_split": 0.2,
  "train_loss": 0.005661569888992557,
  "val_loss": 0.00632758904248476,
  "train_accuracy": 1.0,
  "val_accuracy": 1.0
}