{
  "epochs": 10,
  "batch_size": 8,
  "learning_rate": 0.001,
  "val_split": 0.2,
  "train_loss": 0.058595310896635056,
  "val_loss": 2.3151726722717285,
  "train_accuracy": 1.0,
  "val_accuracy": 0.75
}